date,id
22/08/2019,MVM65
06/08/2019,MVM64
13/08/2019,MVM64
27/08/2019,MVM64
03/09/2019,MVM64
10/09/2019,MVM64
17/09/2019,MVM64
24/09/2019,MVM64
01/10/2019,MVM64
08/10/2019,MVM64
15/10/2019,MVM64
08/08/2019,MVM60
13/08/2019,MVM60
03/09/2019,MVM60
10/09/2019,MVM60
17/09/2019,MVM60
26/09/2019,MVM60
01/10/2019,MVM60
08/10/2019,MVM60
08/08/2019,MVM57
10/09/2019,MVM57
06/08/2019,MVM55
13/08/2019,MVM55
20/08/2019,MVM55
27/08/2019,MVM55
03/09/2019,MVM55
10/09/2019,MVM55
17/09/2019,MVM55
24/09/2019,MVM55
01/10/2019,MVM55
08/10/2019,MVM55
06/08/2019,MVM54
13/08/2019,MVM54
20/08/2019,MVM54
27/08/2019,MVM54
03/09/2019,MVM54
10/09/2019,MVM54
17/09/2019,MVM54
24/09/2019,MVM54
01/10/2019,MVM54
10/10/2019,MVM54
15/10/2019,MVM54
01/08/2019,MVM53
08/08/2019,MVM53
13/08/2019,MVM53
22/08/2019,MVM53
29/08/2019,MVM53
05/09/2019,MVM53
12/09/2019,MVM53
26/09/2019,MVM53
03/10/2019,MVM53
10/10/2019,MVM53
20/08/2019,MVM51
27/08/2019,MVM51
03/09/2019,MVM51
10/09/2019,MVM51
17/09/2019,MVM51
24/09/2019,MVM51
01/10/2019,MVM51
08/10/2019,MVM51
15/10/2019,MVM51
29/08/2019,MVM50
19/09/2019,MVM50
10/10/2019,MVM50
13/08/2019,MVM44
22/08/2019,MVM44
27/08/2019,MVM44
05/09/2019,MVM44
12/09/2019,MVM44
17/09/2019,MVM44
24/09/2019,MVM44
01/10/2019,MVM44
08/10/2019,MVM44
27/08/2019,MVM43
10/09/2019,MVM43
24/09/2019,MVM43
01/10/2019,MVM43
08/08/2019,MVM42
13/08/2019,MVM42
22/08/2019,MVM42
29/08/2019,MVM42
05/09/2019,MVM42
19/09/2019,MVM42
26/09/2019,MVM42
24/09/2019,MVM41
08/10/2019,MVM41
15/10/2019,MVM41
06/08/2019,MVM38
13/08/2019,MVM38
20/08/2019,MVM38
05/09/2019,MVM38
17/09/2019,MVM32
13/08/2019,MVM27
22/08/2019,MVM27
29/08/2019,MVM27
10/09/2019,MVM27
19/09/2019,MVM27
24/09/2019,MVM27
22/08/2019,MVM26
05/09/2019,MVM26
19/09/2019,MVM26
03/10/2019,MVM26
01/08/2019,MVM20
08/08/2019,MVM20
13/08/2019,MVM20
29/08/2019,MVM20
10/09/2019,MVM19
19/09/2019,MVM19
26/09/2019,MVM19
03/10/2019,MVM19
10/10/2019,MVM19
06/08/2019,MVM18
13/08/2019,MVM18
20/08/2019,MVM18
27/08/2019,MVM18
03/09/2019,MVM18
10/09/2019,MVM18
17/09/2019,MVM18
24/09/2019,MVM18
01/10/2019,MVM18
08/10/2019,MVM18
15/10/2019,MVM18
27/08/2019,MVM15
10/09/2019,MVM15
17/09/2019,MVM15
01/10/2019,MVM15
15/10/2019,MVM15
06/08/2019,MVM12
13/08/2019,MVM12
20/08/2019,MVM12
27/08/2019,MVM12
08/10/2019,MVM12
15/10/2019,MVM12
01/08/2019,MVM10
08/08/2019,MVM10
13/08/2019,MVM10
22/08/2019,MVM10
29/08/2019,MVM10
05/09/2019,MVM10
12/09/2019,MVM10
19/09/2019,MVM10
26/09/2019,MVM10
03/10/2019,MVM10
10/10/2019,MVM10
08/08/2019,MVM02
03/09/2019,MVM02
10/09/2019,MVM02
17/09/2019,MVM02
24/09/2019,MVM02
01/10/2019,MVM02
08/10/2019,MVM02
06/08/2019,MVM97
13/08/2019,MVM97
22/08/2019,MVM97
27/08/2019,MVM97
03/09/2019,MVM97
10/09/2019,MVM97
17/09/2019,MVM97
24/09/2019,MVM97
01/10/2019,MVM97
08/10/2019,MVM97
15/10/2019,MVM97
22/08/2019,MVM96
29/08/2019,MVM96
03/09/2019,MVM96
12/09/2019,MVM96
19/09/2019,MVM96
26/09/2019,MVM96
01/10/2019,MVM96
10/10/2019,MVM96
13/08/2019,MVM92
20/08/2019,MVM92
29/08/2019,MVM92
13/08/2019,MVM91
10/09/2019,MVM91
10/10/2019,MVM91
01/08/2019,MVM87
08/08/2019,MVM87
13/08/2019,MVM87
22/08/2019,MVM87
29/08/2019,MVM87
05/09/2019,MVM87
12/09/2019,MVM87
19/09/2019,MVM87
26/09/2019,MVM87
03/10/2019,MVM87
10/10/2019,MVM87
06/08/2019,MVM83
13/08/2019,MVM83
22/08/2019,MVM83
27/08/2019,MVM83
19/09/2019,MVM83
24/09/2019,MVM83
01/10/2019,MVM83
08/10/2019,MVM83
15/10/2019,MVM83
13/08/2019,MVM80
20/08/2019,MVM80
03/09/2019,MVM80
19/09/2019,MVM80
03/10/2019,MVM80
10/10/2019,MVM80
12/09/2019,MVM77
17/09/2019,MVM77
08/10/2019,MVM77
15/10/2019,MVM77
22/08/2019,MVM76
01/08/2019,MVM75
05/09/2019,MVM75
03/10/2019,MVM75
10/09/2019,MVM73
06/08/2019,MVM66
13/08/2019,MVM66
20/08/2019,MVM66
29/08/2019,MVM66
03/09/2019,MVM66
17/09/2019,MVM66
03/10/2019,MVM66
06/08/2019,MVM65
13/08/2019,MVM65
20/08/2019,MVM65
17/09/2019,MVM65
24/09/2019,MVM65
01/10/2019,MVM65
08/08/2019,MVM64
13/08/2019,MVM64
22/08/2019,MVM64
29/08/2019,MVM64
12/09/2019,MVM64
19/09/2019,MVM64
26/09/2019,MVM64
03/10/2019,MVM64
10/10/2019,MVM64
06/08/2019,MVM49
13/08/2019,MVM49
20/08/2019,MVM49
05/09/2019,MVM49
10/09/2019,MVM49
17/09/2019,MVM49
26/09/2019,MVM49
01/10/2019,MVM49
10/10/2019,MVM49
15/10/2019,MVM49
27/08/2019,MVM46
10/09/2019,MVM46
24/09/2019,MVM46
15/10/2019,MVM46
06/08/2019,MVM44
27/08/2019,MVM44
03/09/2019,MVM44
10/09/2019,MVM44
19/09/2019,MVM44
24/09/2019,MVM44
03/10/2019,MVM44
10/10/2019,MVM44
29/08/2019,MVM42
12/09/2019,MVM42
17/09/2019,MVM42
24/09/2019,MVM42
01/10/2019,MVM42
08/10/2019,MVM42
06/08/2019,MVM33
13/08/2019,MVM33
20/08/2019,MVM33
27/08/2019,MVM33
03/09/2019,MVM33
10/09/2019,MVM33
24/09/2019,MVM33
01/10/2019,MVM33
08/10/2019,MVM33
01/08/2019,MVM32
20/08/2019,MVM32
06/08/2019,MVM30
13/08/2019,MVM30
20/08/2019,MVM30
27/08/2019,MVM30
03/09/2019,MVM30
10/09/2019,MVM30
17/09/2019,MVM30
24/09/2019,MVM30
01/10/2019,MVM30
15/10/2019,MVM30
06/08/2019,MVM22
13/08/2019,MVM22
20/08/2019,MVM22
27/08/2019,MVM22
05/09/2019,MVM22
10/09/2019,MVM22
17/09/2019,MVM22
24/09/2019,MVM22
01/10/2019,MVM22
08/10/2019,MVM22
15/10/2019,MVM22
06/08/2019,MVM20
13/08/2019,MVM20
29/08/2019,MVM20
05/09/2019,MVM20
12/09/2019,MVM20
19/09/2019,MVM20
26/09/2019,MVM20
03/10/2019,MVM20
10/10/2019,MVM20
15/10/2019,MVM20
05/09/2019,MVM11
26/09/2019,MVM11
03/10/2019,MVM11
10/10/2019,MVM11
22/08/2019,MVM07
05/09/2019,MVM07
10/09/2019,MVM07
24/09/2019,MVM07
01/10/2019,MVM07
10/10/2019,MVM07
06/08/2019,MVM03
13/08/2019,MVM03
22/08/2019,MVM03
29/08/2019,MVM03
03/09/2019,MVM03
10/09/2019,MVM03
24/09/2019,MVM03
01/10/2019,MVM03
08/10/2019,MVM03
15/10/2019,MVM03
06/08/2019,MVM01
13/08/2019,MVM01
20/08/2019,MVM01
27/08/2019,MVM01
03/09/2019,MVM01
10/09/2019,MVM01
17/09/2019,MVM01
24/09/2019,MVM01
01/10/2019,MVM01
08/08/2019,MVM95
13/08/2019,MVM95
29/08/2019,MVM95
10/09/2019,MVM95
03/10/2019,MVM95
13/08/2019,MVM94
05/09/2019,MVM94
12/09/2019,MVM94
26/09/2019,MVM94
03/10/2019,MVM94
03/09/2019,MVM90
19/09/2019,MVM90
22/08/2019,MVM84
08/10/2019,MVM84
26/09/2019,MVM69
03/10/2019,MVM69
08/10/2019,MVM69
15/10/2019,MVM69
05/09/2019,MVM68
12/09/2019,MVM68
03/10/2019,MVM64
01/08/2019,MVM63
22/08/2019,MVM63
29/08/2019,MVM63
05/09/2019,MVM63
19/09/2019,MVM63
26/09/2019,MVM63
03/10/2019,MVM63
06/08/2019,MVM62
27/08/2019,MVM62
10/09/2019,MVM62
06/08/2019,MVM61
13/08/2019,MVM61
20/08/2019,MVM61
27/08/2019,MVM61
10/09/2019,MVM61
17/09/2019,MVM61
24/09/2019,MVM61
01/10/2019,MVM61
08/10/2019,MVM61
15/10/2019,MVM61
01/08/2019,MVM56
22/08/2019,MVM56
12/09/2019,MVM56
26/09/2019,MVM56
03/10/2019,MVM56
10/10/2019,MVM56
08/08/2019,MVM48
29/08/2019,MVM48
12/09/2019,MVM48
01/08/2019,MVM47
19/09/2019,MVM47
10/10/2019,MVM47
01/08/2019,MVM46
08/08/2019,MVM46
13/08/2019,MVM46
22/08/2019,MVM46
29/08/2019,MVM46
05/09/2019,MVM46
12/09/2019,MVM46
19/09/2019,MVM46
26/09/2019,MVM46
03/10/2019,MVM46
10/10/2019,MVM46
06/08/2019,MVM45
20/08/2019,MVM45
29/08/2019,MVM45
05/09/2019,MVM45
19/09/2019,MVM45
26/09/2019,MVM45
01/10/2019,MVM45
10/10/2019,MVM45
27/08/2019,MVM40
10/09/2019,MVM40
06/08/2019,MVM37
13/08/2019,MVM37
20/08/2019,MVM37
27/08/2019,MVM37
03/09/2019,MVM37
24/09/2019,MVM37
01/10/2019,MVM37
15/10/2019,MVM37
01/08/2019,MVM35
08/08/2019,MVM35
19/09/2019,MVM35
01/08/2019,MVM33
08/08/2019,MVM33
13/08/2019,MVM33
29/08/2019,MVM33
05/09/2019,MVM33
12/09/2019,MVM33
19/09/2019,MVM33
26/09/2019,MVM33
03/10/2019,MVM33
10/10/2019,MVM33
01/08/2019,MVM31
08/08/2019,MVM31
13/08/2019,MVM31
29/08/2019,MVM31
05/09/2019,MVM31
12/09/2019,MVM31
19/09/2019,MVM31
26/09/2019,MVM31
03/10/2019,MVM31
10/10/2019,MVM31
01/08/2019,MVM30
08/08/2019,MVM30
13/08/2019,MVM30
22/08/2019,MVM30
12/09/2019,MVM30
19/09/2019,MVM30
06/08/2019,MVM25
13/08/2019,MVM25
27/08/2019,MVM25
03/09/2019,MVM25
17/09/2019,MVM25
24/09/2019,MVM25
22/08/2019,MVM24
29/08/2019,MVM24
05/09/2019,MVM24
12/09/2019,MVM24
19/09/2019,MVM24
26/09/2019,MVM24
03/10/2019,MVM24
10/10/2019,MVM24
06/08/2019,MVM23
20/08/2019,MVM23
27/08/2019,MVM23
03/09/2019,MVM23
10/09/2019,MVM23
19/09/2019,MVM23
24/09/2019,MVM23
01/10/2019,MVM23
08/10/2019,MVM23
22/08/2019,MVM22
05/09/2019,MVM22
19/09/2019,MVM22
03/10/2019,MVM22
10/10/2019,MVM22
06/08/2019,MVM17
13/08/2019,MVM17
20/08/2019,MVM17
27/08/2019,MVM17
03/09/2019,MVM17
10/09/2019,MVM17
24/09/2019,MVM17
01/10/2019,MVM17
08/10/2019,MVM17
15/10/2019,MVM17
29/08/2019,MVM08
26/09/2019,MVM08
15/10/2019,MVM08
06/08/2019,MVM07
08/08/2019,MVM06
13/08/2019,MVM06
19/09/2019,MVM06
06/08/2019,MVM04
13/08/2019,MVM04
12/09/2019,MVM04
19/09/2019,MVM04
26/09/2019,MVM04
10/10/2019,MVM04
06/08/2019,MVM03
13/08/2019,MVM03
20/08/2019,MVM03
17/09/2019,MVM03
24/09/2019,MVM03
15/10/2019,MVM03
08/08/2019,MVM01
13/08/2019,MVM01
22/08/2019,MVM01
29/08/2019,MVM01
05/09/2019,MVM01
10/09/2019,MVM01
19/09/2019,MVM01
03/10/2019,MVM01
10/10/2019,MVM01
03/09/2019,MVM95
12/09/2019,MVM95
26/09/2019,MVM95
01/10/2019,MVM95
10/10/2019,MVM95
15/10/2019,MVM95
06/08/2019,MVM90
08/08/2019,MVM90
27/08/2019,MVM90
29/08/2019,MVM90
24/09/2019,MVM90
01/10/2019,MVM90
08/10/2019,MVM90
10/10/2019,MVM90
06/08/2019,MVM86
13/08/2019,MVM86
20/08/2019,MVM86
27/08/2019,MVM86
10/09/2019,MVM86
17/09/2019,MVM86
26/09/2019,MVM86
01/10/2019,MVM86
08/10/2019,MVM86
15/10/2019,MVM86
10/09/2019,MVM84
19/09/2019,MVM84
03/10/2019,MVM84
10/10/2019,MVM84
01/08/2019,MVM79
22/08/2019,MVM79
29/08/2019,MVM79
05/09/2019,MVM79
12/09/2019,MVM79
19/09/2019,MVM79
26/09/2019,MVM79
03/10/2019,MVM79
10/10/2019,MVM79
01/08/2019,MVM70
08/08/2019,MVM70
03/09/2019,MVM70
26/09/2019,MVM70
03/10/2019,MVM70
10/10/2019,MVM70
06/08/2019,MVM74
20/08/2019,MVM74
27/08/2019,MVM74
03/09/2019,MVM74
10/09/2019,MVM74
08/08/2019,MVM71
13/08/2019,MVM71
29/08/2019,MVM71
03/09/2019,MVM71
12/09/2019,MVM71
19/09/2019,MVM71
26/09/2019,MVM71
03/10/2019,MVM71
10/10/2019,MVM71
06/08/2019,MVM58
13/08/2019,MVM58
20/08/2019,MVM58
03/09/2019,MVM58
10/09/2019,MVM58
17/09/2019,MVM58
15/10/2019,MVM58
01/08/2019,MVM59
08/08/2019,MVM59
22/08/2019,MVM59
29/08/2019,MVM59
12/09/2019,MVM59
19/09/2019,MVM59
10/10/2019,MVM59
01/08/2019,MVM55
06/08/2019,MVM55
13/08/2019,MVM55
20/08/2019,MVM55
27/08/2019,MVM55
03/09/2019,MVM55
10/09/2019,MVM55
17/09/2019,MVM55
24/09/2019,MVM55
01/10/2019,MVM55
08/10/2019,MVM55
15/10/2019,MVM55
01/08/2019,MVM54
22/08/2019,MVM54
29/08/2019,MVM54
05/09/2019,MVM54
08/08/2019,MVM51
29/08/2019,MVM51
12/09/2019,MVM51
01/08/2019,MVM50
22/08/2019,MVM50
05/09/2019,MVM50
01/10/2019,MVM50
13/08/2019,MVM43
22/08/2019,MVM43
05/09/2019,MVM43
15/10/2019,MVM43
06/08/2019,MVM37
13/08/2019,MVM37
20/08/2019,MVM37
27/08/2019,MVM37
03/09/2019,MVM37
10/09/2019,MVM37
17/09/2019,MVM37
24/09/2019,MVM37
03/10/2019,MVM37
08/10/2019,MVM37
15/10/2019,MVM37
19/09/2019,MVM28
10/10/2019,MVM28
08/08/2019,MVM27
27/08/2019,MVM27
03/09/2019,MVM27
10/09/2019,MVM27
17/09/2019,MVM27
26/09/2019,MVM27
01/10/2019,MVM27
01/08/2019,MVM18
08/08/2019,MVM18
13/08/2019,MVM18
29/08/2019,MVM18
05/09/2019,MVM18
12/09/2019,MVM18
19/09/2019,MVM18
26/09/2019,MVM18
03/10/2019,MVM18
10/10/2019,MVM18
01/08/2019,MVM04
08/08/2019,MVM04
13/08/2019,MVM04
22/08/2019,MVM04
29/08/2019,MVM04
05/09/2019,MVM04
12/09/2019,MVM04
19/09/2019,MVM04
26/09/2019,MVM04
03/10/2019,MVM04
10/10/2019,MVM04
06/08/2019,MVM98
13/08/2019,MVM98
20/08/2019,MVM98
27/08/2019,MVM98
03/09/2019,MVM98
12/09/2019,MVM98
19/09/2019,MVM98
26/09/2019,MVM98
03/10/2019,MVM98
08/10/2019,MVM98
15/10/2019,MVM98
08/08/2019,MVM97
22/08/2019,MVM97
12/09/2019,MVM97
17/09/2019,MVM97
10/10/2019,MVM97
15/10/2019,MVM97
20/08/2019,MVM93
15/10/2019,MVM93
13/08/2019,MVM91
20/08/2019,MVM91
01/08/2019,MVM89
10/10/2019,MVM89
22/08/2019,MVM85
29/08/2019,MVM85
05/09/2019,MVM85
12/09/2019,MVM85
19/09/2019,MVM85
26/09/2019,MVM85
03/10/2019,MVM85
01/08/2019,MVM78
29/08/2019,MVM78
19/09/2019,MVM78
26/09/2019,MVM78
03/10/2019,MVM78
06/08/2019,MVM75
13/08/2019,MVM75
20/08/2019,MVM75
27/08/2019,MVM75
03/09/2019,MVM75
10/09/2019,MVM75
17/09/2019,MVM75
24/09/2019,MVM75
01/10/2019,MVM75
08/10/2019,MVM75
15/10/2019,MVM75
27/08/2019,MVM72
08/10/2019,MVM72
15/10/2019,MVM72
06/08/2019,MVM71
13/08/2019,MVM71
20/08/2019,MVM71
03/09/2019,MVM71
10/09/2019,MVM71
17/09/2019,MVM71
24/09/2019,MVM71
01/10/2019,MVM71
08/10/2019,MVM71
15/10/2019,MVM71
13/08/2019,MVM66
20/08/2019,MVM66
29/08/2019,MVM66
03/09/2019,MVM66
10/09/2019,MVM66
17/09/2019,MVM66
26/09/2019,MVM66
03/10/2019,MVM66
10/10/2019,MVM66
15/10/2019,MVM66
06/08/2019,MVM55
13/08/2019,MVM55
20/08/2019,MVM55
27/08/2019,MVM55
03/09/2019,MVM55
10/09/2019,MVM55
24/09/2019,MVM55
08/10/2019,MVM55
15/10/2019,MVM55
13/08/2019,MVM50
05/09/2019,MVM50
05/09/2019,MVM37
26/09/2019,MVM37
08/10/2019,MVM37
08/08/2019,MVM33
05/09/2019,MVM33
12/09/2019,MVM33
01/08/2019,MVM30
08/08/2019,MVM30
13/08/2019,MVM30
20/08/2019,MVM30
27/08/2019,MVM30
10/09/2019,MVM30
17/09/2019,MVM30
24/09/2019,MVM30
08/10/2019,MVM30
01/10/2019,MVM24
06/08/2019,MVM22
13/08/2019,MVM22
20/08/2019,MVM22
27/08/2019,MVM22
03/09/2019,MVM22
10/09/2019,MVM22
17/09/2019,MVM22
24/09/2019,MVM22
01/10/2019,MVM22
08/10/2019,MVM22
15/10/2019,MVM22
29/08/2019,MVM11
19/09/2019,MVM11
03/10/2019,MVM11
24/09/2019,MVM96
01/10/2019,MVM96
08/08/2019,MVM93
13/08/2019,MVM93
22/08/2019,MVM93
29/08/2019,MVM93
05/09/2019,MVM93
12/09/2019,MVM93
26/09/2019,MVM93
03/10/2019,MVM93
10/10/2019,MVM93
06/08/2019,MVM88
20/08/2019,MVM88
27/08/2019,MVM88
12/09/2019,MVM88
17/09/2019,MVM88
24/09/2019,MVM88
01/10/2019,MVM88
08/10/2019,MVM88
15/10/2019,MVM88
27/08/2019,MVM87
05/09/2019,MVM87
12/09/2019,MVM87
17/09/2019,MVM87
08/10/2019,MVM87
06/08/2019,MVM84
13/08/2019,MVM84
20/08/2019,MVM84
27/08/2019,MVM84
05/09/2019,MVM84
10/09/2019,MVM84
17/09/2019,MVM84
26/09/2019,MVM84
01/10/2019,MVM84
08/10/2019,MVM84
15/10/2019,MVM84
08/08/2019,MVM77
22/08/2019,MVM77
29/08/2019,MVM77
12/09/2019,MVM77
03/10/2019,MVM77
20/08/2019,MVM73
29/08/2019,MVM73
05/09/2019,MVM73
12/09/2019,MVM73
19/09/2019,MVM73
26/09/2019,MVM73
03/10/2019,MVM73
10/10/2019,MVM73
01/08/2019,MVM75
06/08/2019,MVM75
20/08/2019,MVM75
29/08/2019,MVM75
05/09/2019,MVM75
10/09/2019,MVM75
17/09/2019,MVM75
08/10/2019,MVM75
08/08/2019,MVM68
19/09/2019,MVM68
01/08/2019,MVM57
08/08/2019,MVM57
22/08/2019,MVM57
29/08/2019,MVM57
03/09/2019,MVM57
19/09/2019,MVM57
10/10/2019,MVM57
27/08/2019,MVM43
03/09/2019,MVM43
10/09/2019,MVM43
24/09/2019,MVM43
01/10/2019,MVM43
10/10/2019,MVM43
06/08/2019,MVM42
22/08/2019,MVM42
10/10/2019,MVM42
15/10/2019,MVM42
27/08/2019,MVM41
03/09/2019,MVM39
06/08/2019,MVM34
20/08/2019,MVM34
27/08/2019,MVM34
10/09/2019,MVM34
19/09/2019,MVM34
24/09/2019,MVM34
01/10/2019,MVM34
08/10/2019,MVM34
15/10/2019,MVM34
27/08/2019,MVM36
19/09/2019,MVM36
03/10/2019,MVM36
06/08/2019,MVM15
24/09/2019,MVM15
01/10/2019,MVM15
01/08/2019,MVM14
05/09/2019,MVM14
12/09/2019,MVM14
19/09/2019,MVM14
03/10/2019,MVM14
10/10/2019,MVM14
06/08/2019,MVM12
03/09/2019,MVM12
10/09/2019,MVM12
17/09/2019,MVM12
24/09/2019,MVM12
01/10/2019,MVM12
08/10/2019,MVM12
15/10/2019,MVM12
08/08/2019,MVM10
01/08/2019,MVM09
08/08/2019,MVM09
22/08/2019,MVM09
05/09/2019,MVM09
19/09/2019,MVM09
26/09/2019,MVM09
03/10/2019,MVM09
10/10/2019,MVM09
06/08/2019,MVM91
13/08/2019,MVM91
20/08/2019,MVM91
27/08/2019,MVM91
05/09/2019,MVM91
10/09/2019,MVM91
17/09/2019,MVM91
24/09/2019,MVM91
01/10/2019,MVM91
08/10/2019,MVM91
15/10/2019,MVM91
13/08/2019,MVM89
22/08/2019,MVM89
05/09/2019,MVM89
10/09/2019,MVM89
19/09/2019,MVM89
24/09/2019,MVM89
01/10/2019,MVM89
15/10/2019,MVM89
24/09/2019,MVM86
01/10/2019,MVM86
03/09/2019,MVM81
15/10/2019,MVM81
01/08/2019,MVM80
08/08/2019,MVM80
13/08/2019,MVM80
22/08/2019,MVM80
27/08/2019,MVM80
05/09/2019,MVM80
17/09/2019,MVM80
26/09/2019,MVM80
03/10/2019,MVM80
10/10/2019,MVM80
15/10/2019,MVM80
17/09/2019,MVM76
26/09/2019,MVM76
01/10/2019,MVM76
08/10/2019,MVM76
01/08/2019,MVM71
13/08/2019,MVM71
22/08/2019,MVM71
29/08/2019,MVM71
12/09/2019,MVM71
19/09/2019,MVM71
03/10/2019,MVM71
10/10/2019,MVM71
01/08/2019,MVM62
08/08/2019,MVM62
13/08/2019,MVM62
22/08/2019,MVM62
29/08/2019,MVM62
10/09/2019,MVM62
19/09/2019,MVM62
26/09/2019,MVM62
03/10/2019,MVM62
10/10/2019,MVM62
01/08/2019,MVM63
08/08/2019,MVM63
13/08/2019,MVM63
27/08/2019,MVM63
05/09/2019,MVM63
12/09/2019,MVM63
19/09/2019,MVM63
26/09/2019,MVM63
03/10/2019,MVM63
10/10/2019,MVM63
29/08/2019,MVM60
12/09/2019,MVM60
19/09/2019,MVM60
03/10/2019,MVM60
10/10/2019,MVM60
27/08/2019,MVM51
05/09/2019,MVM51
10/09/2019,MVM51
08/10/2019,MVM51
03/09/2019,MVM57
10/09/2019,MVM57
24/09/2019,MVM57
01/10/2019,MVM57
10/10/2019,MVM57
01/08/2019,MVM58
08/08/2019,MVM58
10/09/2019,MVM58
03/10/2019,MVM58
10/10/2019,MVM58
06/08/2019,MVM50
20/08/2019,MVM50
03/09/2019,MVM50
10/09/2019,MVM50
17/09/2019,MVM50
24/09/2019,MVM50
03/10/2019,MVM50
15/10/2019,MVM50
08/08/2019,MVM47
22/08/2019,MVM47
29/08/2019,MVM47
05/09/2019,MVM47
19/09/2019,MVM47
26/09/2019,MVM47
03/10/2019,MVM47
10/10/2019,MVM47
20/08/2019,MVM44
01/10/2019,MVM44
01/08/2019,MVM41
08/08/2019,MVM41
22/08/2019,MVM41
27/08/2019,MVM41
05/09/2019,MVM41
12/09/2019,MVM41
17/09/2019,MVM41
26/09/2019,MVM41
03/10/2019,MVM41
10/10/2019,MVM41
15/10/2019,MVM41
06/08/2019,MVM38
13/08/2019,MVM38
22/08/2019,MVM38
27/08/2019,MVM38
03/09/2019,MVM38
10/09/2019,MVM38
17/09/2019,MVM38
24/09/2019,MVM38
01/10/2019,MVM38
08/10/2019,MVM38
15/10/2019,MVM38
01/08/2019,MVM36
08/08/2019,MVM36
29/08/2019,MVM36
05/09/2019,MVM36
19/09/2019,MVM36
26/09/2019,MVM36
03/10/2019,MVM36
10/10/2019,MVM36
10/09/2019,MVM26
17/09/2019,MVM26
01/10/2019,MVM26
15/10/2019,MVM26
01/08/2019,MVM20
08/08/2019,MVM20
13/08/2019,MVM20
20/08/2019,MVM20
27/08/2019,MVM20
03/09/2019,MVM20
10/09/2019,MVM20
17/09/2019,MVM20
24/09/2019,MVM20
01/10/2019,MVM20
08/10/2019,MVM20
15/10/2019,MVM20
01/08/2019,MVM07
08/08/2019,MVM07
13/08/2019,MVM07
22/08/2019,MVM07
29/08/2019,MVM07
12/09/2019,MVM07
19/09/2019,MVM07
26/09/2019,MVM07
03/10/2019,MVM07
27/08/2019,MVM05
17/09/2019,MVM05
24/09/2019,MVM05
01/10/2019,MVM05
08/10/2019,MVM05
15/10/2019,MVM05
26/09/2019,MVM04
10/10/2019,MVM04
06/08/2019,MVM90
13/08/2019,MVM90
20/08/2019,MVM90
03/09/2019,MVM90
17/09/2019,MVM90
08/10/2019,MVM90
13/08/2019,MVM85
22/08/2019,MVM85
19/09/2019,MVM85
03/10/2019,MVM85
01/08/2019,MVM79
13/08/2019,MVM79
22/08/2019,MVM79
29/08/2019,MVM79
05/09/2019,MVM79
12/09/2019,MVM79
19/09/2019,MVM79
26/09/2019,MVM79
03/10/2019,MVM79
10/10/2019,MVM79
08/10/2019,MVM76
06/08/2019,MVM72
13/08/2019,MVM72
20/08/2019,MVM72
27/08/2019,MVM72
03/09/2019,MVM72
10/09/2019,MVM72
17/09/2019,MVM72
24/09/2019,MVM72
01/10/2019,MVM72
08/10/2019,MVM72
15/10/2019,MVM72
29/08/2019,MVM68
12/09/2019,MVM68
19/09/2019,MVM68
26/09/2019,MVM68
03/10/2019,MVM68
10/10/2019,MVM68
06/08/2019,MVM67
13/08/2019,MVM67
20/08/2019,MVM67
27/08/2019,MVM67
03/09/2019,MVM67
10/09/2019,MVM67
17/09/2019,MVM67
24/09/2019,MVM67
01/10/2019,MVM67
08/10/2019,MVM67
15/10/2019,MVM67
01/08/2019,MVM66
08/08/2019,MVM66
13/08/2019,MVM66
22/08/2019,MVM66
29/08/2019,MVM66
05/09/2019,MVM66
12/09/2019,MVM66
19/09/2019,MVM66
26/09/2019,MVM66
10/10/2019,MVM66
06/08/2019,MVM65
27/08/2019,MVM65
03/09/2019,MVM65
17/09/2019,MVM65
24/09/2019,MVM65
01/10/2019,MVM65
08/10/2019,MVM65
15/10/2019,MVM65
01/08/2019,MVM63
08/08/2019,MVM63
13/08/2019,MVM63
22/08/2019,MVM63
29/08/2019,MVM63
05/09/2019,MVM63
12/09/2019,MVM63
19/09/2019,MVM63
26/09/2019,MVM63
03/10/2019,MVM63
10/10/2019,MVM63
13/08/2019,MVM53
22/08/2019,MVM53
05/09/2019,MVM53
19/09/2019,MVM53
26/09/2019,MVM53
13/08/2019,MVM44
20/08/2019,MVM44
03/09/2019,MVM44
10/09/2019,MVM44
24/09/2019,MVM44
01/10/2019,MVM44
22/08/2019,MVM42
29/08/2019,MVM42
12/09/2019,MVM42
26/09/2019,MVM42
03/10/2019,MVM42
10/10/2019,MVM42
06/08/2019,MVM41
22/08/2019,MVM41
29/08/2019,MVM41
05/09/2019,MVM41
12/09/2019,MVM41
17/09/2019,MVM41
24/09/2019,MVM41
01/10/2019,MVM41
08/10/2019,MVM41
15/10/2019,MVM41
01/08/2019,MVM39
08/08/2019,MVM39
22/08/2019,MVM39
29/08/2019,MVM39
12/09/2019,MVM39
19/09/2019,MVM39
03/10/2019,MVM39
08/10/2019,MVM39
06/08/2019,MVM32
20/08/2019,MVM32
27/08/2019,MVM32
03/09/2019,MVM32
10/09/2019,MVM32
17/09/2019,MVM32
26/09/2019,MVM32
01/10/2019,MVM32
08/10/2019,MVM32
15/10/2019,MVM32
01/08/2019,MVM26
08/08/2019,MVM26
13/08/2019,MVM26
22/08/2019,MVM26
29/08/2019,MVM26
05/09/2019,MVM26
12/09/2019,MVM26
19/09/2019,MVM26
26/09/2019,MVM26
03/10/2019,MVM26
08/10/2019,MVM26
06/08/2019,MVM16
13/08/2019,MVM16
20/08/2019,MVM16
27/08/2019,MVM16
03/09/2019,MVM16
10/09/2019,MVM16
17/09/2019,MVM16
01/10/2019,MVM16
08/10/2019,MVM16
15/10/2019,MVM16
03/10/2019,MVM00
01/08/2019,MVM99
13/08/2019,MVM99
22/08/2019,MVM99
29/08/2019,MVM99
12/09/2019,MVM99
19/09/2019,MVM99
03/10/2019,MVM99
10/10/2019,MVM99
06/08/2019,MVM98
20/08/2019,MVM98
27/08/2019,MVM98
03/09/2019,MVM98
10/09/2019,MVM98
17/09/2019,MVM98
24/09/2019,MVM98
01/10/2019,MVM98
15/10/2019,MVM98
22/08/2019,MVM97
05/09/2019,MVM97
12/09/2019,MVM97
03/09/2019,MVM91
12/09/2019,MVM91
19/09/2019,MVM91
10/10/2019,MVM91
29/08/2019,MVM82
05/09/2019,MVM82
12/09/2019,MVM82
19/09/2019,MVM82
03/10/2019,MVM82
10/10/2019,MVM82
06/08/2019,MVM81
05/09/2019,MVM81
08/08/2019,MVM77
13/08/2019,MVM77
22/08/2019,MVM77
27/08/2019,MVM77
05/09/2019,MVM77
12/09/2019,MVM77
17/09/2019,MVM77
01/10/2019,MVM77
22/08/2019,MVM74
12/09/2019,MVM74
06/08/2019,MVM70
13/08/2019,MVM70
20/08/2019,MVM70
27/08/2019,MVM70
03/09/2019,MVM70
10/09/2019,MVM70
17/09/2019,MVM70
24/09/2019,MVM70
01/10/2019,MVM70
08/10/2019,MVM70
15/10/2019,MVM70
08/08/2019,MVM64
22/08/2019,MVM64
10/10/2019,MVM64
08/08/2019,MVM61
22/08/2019,MVM61
10/10/2019,MVM61
20/08/2019,MVM54
06/08/2019,MVM49
13/08/2019,MVM49
20/08/2019,MVM49
27/08/2019,MVM49
03/09/2019,MVM49
10/09/2019,MVM49
17/09/2019,MVM49
24/09/2019,MVM49
01/10/2019,MVM49
08/10/2019,MVM49
15/10/2019,MVM49
01/08/2019,MVM46
08/08/2019,MVM46
22/08/2019,MVM46
29/08/2019,MVM46
05/09/2019,MVM46
12/09/2019,MVM46
19/09/2019,MVM46
26/09/2019,MVM46
03/10/2019,MVM46
10/10/2019,MVM46
05/09/2019,MVM36
12/09/2019,MVM36
19/09/2019,MVM36
26/09/2019,MVM36
03/10/2019,MVM36
10/10/2019,MVM36
08/08/2019,MVM17
13/08/2019,MVM17
22/08/2019,MVM17
05/09/2019,MVM17
12/09/2019,MVM17
19/09/2019,MVM17
26/09/2019,MVM17
03/10/2019,MVM17
10/10/2019,MVM17
12/09/2019,MVM48
17/09/2019,MVM48
08/10/2019,MVM42
06/08/2019,MVM32
13/08/2019,MVM32
20/08/2019,MVM32
27/08/2019,MVM32
03/09/2019,MVM32
10/09/2019,MVM32
17/09/2019,MVM32
24/09/2019,MVM32
01/10/2019,MVM32
08/10/2019,MVM32
15/10/2019,MVM32
08/10/2019,MVM30
13/08/2019,MVM29
20/08/2019,MVM29
12/09/2019,MVM29
10/10/2019,MVM29
15/10/2019,MVM29
12/09/2019,MVM16
19/09/2019,MVM16
10/10/2019,MVM16
13/08/2019,MVM08
20/08/2019,MVM08
03/09/2019,MVM08
17/09/2019,MVM08
24/09/2019,MVM08
01/10/2019,MVM08
08/10/2019,MVM08
15/10/2019,MVM08
06/08/2019,MVM00
20/08/2019,MVM00
29/08/2019,MVM00
24/09/2019,MVM00
01/10/2019,MVM00
08/10/2019,MVM00
01/08/2019,MVM93
22/08/2019,MVM93
05/09/2019,MVM93
12/09/2019,MVM93
26/09/2019,MVM93
10/10/2019,MVM93
20/08/2019,MVM84
27/08/2019,MVM84
03/09/2019,MVM84
10/09/2019,MVM84
17/09/2019,MVM84
24/09/2019,MVM84
01/10/2019,MVM84
15/10/2019,MVM84
08/08/2019,MVM74
20/08/2019,MVM74
29/08/2019,MVM74
03/09/2019,MVM74
17/09/2019,MVM74
24/09/2019,MVM74
10/10/2019,MVM74
13/08/2019,MVM71
27/08/2019,MVM71
03/09/2019,MVM71
10/09/2019,MVM71
17/09/2019,MVM71
24/09/2019,MVM71
01/10/2019,MVM71
08/10/2019,MVM71
20/08/2019,MVM70
10/09/2019,MVM70
08/08/2019,MVM62
29/08/2019,MVM62
03/09/2019,MVM62
17/09/2019,MVM62
24/09/2019,MVM62
10/10/2019,MVM62
06/08/2019,MVM61
13/08/2019,MVM61
20/08/2019,MVM61
27/08/2019,MVM61
03/09/2019,MVM61
10/09/2019,MVM61
17/09/2019,MVM61
24/09/2019,MVM61
01/10/2019,MVM61
08/10/2019,MVM61
15/10/2019,MVM61
01/08/2019,MVM55
08/08/2019,MVM55
22/08/2019,MVM55
29/08/2019,MVM55
05/09/2019,MVM55
17/09/2019,MVM55
26/09/2019,MVM55
03/10/2019,MVM55
10/10/2019,MVM55
22/08/2019,MVM47
12/09/2019,MVM47
19/09/2019,MVM47
26/09/2019,MVM47
10/10/2019,MVM47
22/08/2019,MVM38
19/09/2019,MVM38
01/08/2019,MVM34
08/08/2019,MVM34
22/08/2019,MVM34
29/08/2019,MVM34
05/09/2019,MVM34
12/09/2019,MVM34
19/09/2019,MVM34
26/09/2019,MVM34
10/10/2019,MVM34
08/08/2019,MVM31
22/08/2019,MVM31
12/09/2019,MVM31
24/09/2019,MVM31
10/10/2019,MVM31
06/08/2019,MVM28
22/08/2019,MVM28
01/08/2019,MVM17
08/08/2019,MVM17
13/08/2019,MVM17
22/08/2019,MVM17
29/08/2019,MVM17
05/09/2019,MVM17
12/09/2019,MVM17
19/09/2019,MVM17
26/09/2019,MVM17
03/10/2019,MVM17
10/10/2019,MVM17
01/08/2019,MVM07
22/08/2019,MVM07
17/09/2019,MVM07
24/09/2019,MVM07
03/10/2019,MVM07
01/08/2019,MVM03
22/08/2019,MVM03
29/08/2019,MVM03
05/09/2019,MVM03
12/09/2019,MVM03
19/09/2019,MVM03
26/09/2019,MVM03
03/10/2019,MVM03
10/10/2019,MVM03
08/08/2019,MVM95
13/08/2019,MVM95
22/08/2019,MVM95
27/08/2019,MVM95
05/09/2019,MVM95
12/09/2019,MVM95
19/09/2019,MVM95
26/09/2019,MVM95
01/08/2019,MVM92
08/08/2019,MVM92
13/08/2019,MVM92
22/08/2019,MVM92
29/08/2019,MVM92
03/09/2019,MVM92
10/09/2019,MVM92
19/09/2019,MVM92
26/09/2019,MVM92
03/10/2019,MVM92
08/10/2019,MVM92
01/08/2019,MVM89
22/08/2019,MVM89
05/09/2019,MVM89
10/09/2019,MVM89
19/09/2019,MVM89
03/10/2019,MVM89
08/10/2019,MVM89
13/08/2019,MVM78
22/08/2019,MVM78
05/09/2019,MVM78
17/09/2019,MVM78
08/10/2019,MVM78
01/08/2019,MVM59
13/08/2019,MVM59
22/08/2019,MVM59
29/08/2019,MVM59
05/09/2019,MVM59
12/09/2019,MVM59
26/09/2019,MVM59
03/10/2019,MVM59
10/10/2019,MVM59
01/08/2019,MVM53
08/08/2019,MVM53
22/08/2019,MVM53
29/08/2019,MVM53
05/09/2019,MVM53
12/09/2019,MVM53
26/09/2019,MVM53
03/10/2019,MVM53
06/08/2019,MVM52
13/08/2019,MVM52
20/08/2019,MVM52
27/08/2019,MVM52
03/09/2019,MVM52
17/09/2019,MVM52
24/09/2019,MVM52
01/10/2019,MVM52
08/10/2019,MVM52
01/08/2019,MVM48
08/08/2019,MVM48
22/08/2019,MVM48
29/08/2019,MVM48
05/09/2019,MVM48
12/09/2019,MVM48
19/09/2019,MVM48
26/09/2019,MVM48
03/10/2019,MVM48
01/08/2019,MVM39
08/08/2019,MVM39
22/08/2019,MVM39
29/08/2019,MVM39
05/09/2019,MVM39
12/09/2019,MVM39
19/09/2019,MVM39
26/09/2019,MVM39
10/10/2019,MVM39
01/08/2019,MVM34
13/08/2019,MVM34
20/08/2019,MVM34
27/08/2019,MVM34
03/09/2019,MVM34
17/09/2019,MVM34
08/10/2019,MVM34
15/10/2019,MVM34
22/08/2019,MVM33
29/08/2019,MVM33
03/09/2019,MVM33
10/09/2019,MVM33
17/09/2019,MVM33
24/09/2019,MVM33
03/10/2019,MVM33
08/10/2019,MVM33
15/10/2019,MVM33
01/08/2019,MVM15
08/08/2019,MVM15
22/08/2019,MVM15
29/08/2019,MVM15
05/09/2019,MVM15
12/09/2019,MVM15
19/09/2019,MVM15
26/09/2019,MVM15
03/10/2019,MVM15
08/08/2019,MVM03
22/08/2019,MVM03
03/10/2019,MVM03
10/10/2019,MVM03
15/10/2019,MVM03
06/08/2019,MVM02
01/08/2019,MVM98
08/08/2019,MVM98
13/08/2019,MVM98
29/08/2019,MVM98
05/09/2019,MVM98
12/09/2019,MVM98
19/09/2019,MVM98
26/09/2019,MVM98
03/10/2019,MVM98
10/10/2019,MVM98
01/08/2019,MVM95
08/08/2019,MVM95
13/08/2019,MVM95
22/08/2019,MVM95
29/08/2019,MVM95
05/09/2019,MVM95
12/09/2019,MVM95
19/09/2019,MVM95
26/09/2019,MVM95
03/10/2019,MVM95
10/10/2019,MVM95
01/08/2019,MVM85
08/08/2019,MVM85
13/08/2019,MVM85
22/08/2019,MVM85
29/08/2019,MVM85
05/09/2019,MVM85
12/09/2019,MVM85
19/09/2019,MVM85
26/09/2019,MVM85
03/10/2019,MVM85
10/10/2019,MVM85
01/08/2019,MVM82
08/08/2019,MVM82
13/08/2019,MVM82
29/08/2019,MVM82
05/09/2019,MVM82
12/09/2019,MVM82
19/09/2019,MVM82
26/09/2019,MVM82
03/10/2019,MVM82
10/10/2019,MVM82
06/08/2019,MVM81
13/08/2019,MVM81
03/09/2019,MVM81
10/09/2019,MVM81
24/09/2019,MVM81
01/10/2019,MVM81
08/10/2019,MVM81
15/10/2019,MVM81
13/08/2019,MVM77
22/08/2019,MVM77
29/08/2019,MVM77
05/09/2019,MVM77
12/09/2019,MVM77
19/09/2019,MVM77
10/10/2019,MVM77
08/08/2019,MVM76
20/08/2019,MVM76
29/08/2019,MVM76
03/09/2019,MVM76
10/09/2019,MVM76
17/09/2019,MVM76
24/09/2019,MVM76
01/10/2019,MVM76
15/10/2019,MVM76
01/08/2019,MVM60
08/08/2019,MVM60
13/08/2019,MVM60
22/08/2019,MVM60
05/09/2019,MVM60
19/09/2019,MVM60
26/09/2019,MVM60
03/10/2019,MVM60
10/10/2019,MVM60
01/08/2019,MVM43
06/08/2019,MVM43
13/08/2019,MVM43
20/08/2019,MVM43
27/08/2019,MVM43
03/09/2019,MVM43
10/09/2019,MVM43
24/09/2019,MVM43
08/10/2019,MVM43
15/10/2019,MVM43
01/08/2019,MVM40
13/08/2019,MVM40
22/08/2019,MVM40
29/08/2019,MVM40
10/09/2019,MVM40
17/09/2019,MVM40
24/09/2019,MVM40
03/10/2019,MVM40
10/10/2019,MVM40
15/10/2019,MVM40
22/08/2019,MVM34
05/09/2019,MVM34
03/10/2019,MVM34
10/10/2019,MVM34
08/08/2019,MVM27
13/08/2019,MVM27
22/08/2019,MVM27
29/08/2019,MVM27
19/09/2019,MVM27
26/09/2019,MVM27
03/10/2019,MVM27
10/10/2019,MVM27
24/09/2019,MVM25
08/10/2019,MVM25
01/08/2019,MVM24
08/08/2019,MVM24
13/08/2019,MVM24
22/08/2019,MVM24
27/08/2019,MVM24
05/09/2019,MVM24
12/09/2019,MVM24
19/09/2019,MVM24
26/09/2019,MVM24
08/10/2019,MVM24
15/10/2019,MVM24
03/10/2019,MVM23
10/10/2019,MVM23
01/08/2019,MVM19
08/08/2019,MVM19
22/08/2019,MVM19
29/08/2019,MVM19
05/09/2019,MVM19
12/09/2019,MVM19
19/09/2019,MVM19
26/09/2019,MVM19
03/10/2019,MVM19
01/08/2019,MVM17
13/08/2019,MVM17
20/08/2019,MVM17
03/09/2019,MVM17
10/09/2019,MVM17
17/09/2019,MVM17
01/10/2019,MVM17
08/10/2019,MVM17
15/10/2019,MVM17
13/08/2019,MVM16
20/08/2019,MVM16
27/08/2019,MVM16
03/09/2019,MVM16
10/09/2019,MVM16
24/09/2019,MVM16
08/10/2019,MVM16
01/08/2019,MVM15
08/08/2019,MVM15
13/08/2019,MVM15
22/08/2019,MVM15
29/08/2019,MVM15
05/09/2019,MVM15
12/09/2019,MVM15
19/09/2019,MVM15
26/09/2019,MVM15
03/10/2019,MVM15
10/10/2019,MVM15
08/08/2019,MVM12
13/08/2019,MVM12
22/08/2019,MVM12
29/08/2019,MVM12
05/09/2019,MVM12
12/09/2019,MVM12
19/09/2019,MVM12
03/10/2019,MVM12
10/10/2019,MVM12
13/08/2019,MVM10
20/08/2019,MVM10
27/08/2019,MVM10
10/09/2019,MVM10
24/09/2019,MVM10
08/10/2019,MVM10
01/08/2019,MVM08
13/08/2019,MVM08
20/08/2019,MVM08
29/08/2019,MVM08
10/09/2019,MVM08
26/09/2019,MVM08
10/10/2019,MVM08
08/08/2019,MVM01
20/08/2019,MVM01
29/08/2019,MVM01
03/09/2019,MVM01
12/09/2019,MVM01
17/09/2019,MVM01
24/09/2019,MVM01
08/10/2019,MVM01
15/10/2019,MVM01
24/09/2019,MVM00
22/08/2019,MVM95
29/08/2019,MVM95
05/09/2019,MVM95
12/09/2019,MVM95
19/09/2019,MVM95
26/09/2019,MVM95
03/10/2019,MVM95
10/10/2019,MVM95
08/08/2019,MVM92
20/08/2019,MVM92
27/08/2019,MVM92
05/09/2019,MVM92
26/09/2019,MVM92
22/08/2019,MVM89
29/08/2019,MVM89
05/09/2019,MVM89
12/09/2019,MVM89
26/09/2019,MVM89
10/10/2019,MVM89
13/08/2019,MVM87
22/08/2019,MVM87
29/08/2019,MVM87
05/09/2019,MVM87
12/09/2019,MVM87
19/09/2019,MVM87
26/09/2019,MVM87
03/10/2019,MVM87
10/10/2019,MVM87
06/08/2019,MVM61
13/08/2019,MVM61
29/08/2019,MVM61
05/09/2019,MVM61
24/09/2019,MVM61
24/09/2019,MVM60
01/10/2019,MVM60
06/08/2019,MVM58
13/08/2019,MVM58
20/08/2019,MVM58
27/08/2019,MVM58
03/09/2019,MVM58
10/09/2019,MVM58
17/09/2019,MVM58
24/09/2019,MVM58
01/10/2019,MVM58
08/10/2019,MVM58
15/10/2019,MVM58
22/08/2019,MVM47
19/09/2019,MVM47
01/08/2019,MVM46
08/08/2019,MVM46
13/08/2019,MVM46
22/08/2019,MVM46
29/08/2019,MVM46
05/09/2019,MVM46
12/09/2019,MVM46
26/09/2019,MVM46
03/10/2019,MVM46
10/10/2019,MVM46
17/09/2019,MVM45
01/10/2019,MVM45
08/10/2019,MVM45
06/08/2019,MVM41
13/08/2019,MVM41
20/08/2019,MVM41
27/08/2019,MVM41
03/09/2019,MVM41
10/09/2019,MVM41
17/09/2019,MVM41
24/09/2019,MVM41
01/10/2019,MVM41
10/10/2019,MVM41
08/08/2019,MVM39
13/08/2019,MVM39
20/08/2019,MVM39
29/08/2019,MVM39
03/09/2019,MVM39
12/09/2019,MVM39
19/09/2019,MVM39
26/09/2019,MVM39
03/10/2019,MVM39
10/10/2019,MVM39
15/10/2019,MVM39
08/08/2019,MVM31
22/08/2019,MVM31
29/08/2019,MVM31
10/09/2019,MVM31
03/10/2019,MVM31
15/10/2019,MVM31
06/08/2019,MVM30
13/08/2019,MVM30
03/09/2019,MVM30
10/09/2019,MVM30
17/09/2019,MVM30
24/09/2019,MVM30
01/10/2019,MVM30
08/10/2019,MVM30
15/10/2019,MVM30
06/08/2019,MVM26
13/08/2019,MVM26
20/08/2019,MVM26
27/08/2019,MVM26
03/09/2019,MVM26
10/09/2019,MVM26
17/09/2019,MVM26
24/09/2019,MVM26
01/10/2019,MVM26
19/09/2019,MVM17
26/09/2019,MVM17
03/10/2019,MVM17
10/10/2019,MVM17
01/08/2019,MVM14
08/08/2019,MVM14
29/08/2019,MVM14
05/09/2019,MVM14
12/09/2019,MVM14
19/09/2019,MVM14
26/09/2019,MVM14
27/08/2019,MVM11
17/09/2019,MVM11
24/09/2019,MVM11
01/10/2019,MVM11
08/10/2019,MVM11
15/10/2019,MVM11
06/08/2019,MVM09
13/08/2019,MVM09
20/08/2019,MVM09
29/08/2019,MVM09
05/09/2019,MVM09
10/09/2019,MVM09
17/09/2019,MVM09
24/09/2019,MVM09
01/08/2019,MVM04
13/08/2019,MVM04
22/08/2019,MVM04
05/09/2019,MVM04
12/09/2019,MVM04
19/09/2019,MVM04
10/10/2019,MVM04
06/08/2019,MVM99
29/08/2019,MVM99
01/08/2019,MVM96
13/08/2019,MVM96
22/08/2019,MVM96
29/08/2019,MVM96
05/09/2019,MVM96
12/09/2019,MVM96
03/10/2019,MVM96
10/10/2019,MVM96
10/10/2019,MVM94
06/08/2019,MVM92
20/08/2019,MVM92
03/09/2019,MVM92
10/10/2019,MVM92
08/08/2019,MVM72
19/09/2019,MVM72
01/08/2019,MVM69
08/08/2019,MVM69
29/08/2019,MVM69
05/09/2019,MVM69
12/09/2019,MVM69
19/09/2019,MVM69
26/09/2019,MVM69
03/10/2019,MVM69
10/10/2019,MVM69
01/08/2019,MVM67
08/08/2019,MVM67
22/08/2019,MVM67
05/09/2019,MVM67
19/09/2019,MVM67
26/09/2019,MVM67
03/10/2019,MVM67
10/10/2019,MVM67
13/08/2019,MVM64
22/08/2019,MVM64
05/09/2019,MVM64
12/09/2019,MVM64
19/09/2019,MVM64
26/09/2019,MVM64
03/10/2019,MVM64
10/10/2019,MVM64
13/08/2019,MVM62
20/08/2019,MVM62
10/09/2019,MVM62
24/09/2019,MVM62
08/10/2019,MVM62
13/08/2019,MVM53
27/08/2019,MVM53
03/09/2019,MVM53
10/09/2019,MVM53
17/09/2019,MVM53
24/09/2019,MVM53
01/10/2019,MVM53
08/10/2019,MVM53
15/10/2019,MVM53
06/08/2019,MVM50
13/08/2019,MVM50
20/08/2019,MVM50
03/09/2019,MVM50
24/09/2019,MVM50
01/10/2019,MVM50
08/10/2019,MVM50
15/10/2019,MVM50
13/08/2019,MVM47
22/08/2019,MVM47
29/08/2019,MVM47
05/09/2019,MVM47
12/09/2019,MVM47
19/09/2019,MVM47
10/10/2019,MVM47
08/08/2019,MVM45
20/08/2019,MVM45
29/08/2019,MVM45
03/09/2019,MVM45
12/09/2019,MVM45
17/09/2019,MVM45
24/09/2019,MVM45
01/10/2019,MVM45
15/10/2019,MVM45
01/08/2019,MVM42
06/08/2019,MVM42
13/08/2019,MVM42
29/08/2019,MVM42
05/09/2019,MVM42
10/09/2019,MVM42
19/09/2019,MVM42
24/09/2019,MVM42
03/10/2019,MVM42
10/10/2019,MVM42
15/10/2019,MVM42
01/08/2019,MVM39
13/08/2019,MVM39
22/08/2019,MVM39
29/08/2019,MVM39
10/09/2019,MVM39
17/09/2019,MVM39
24/09/2019,MVM39
03/10/2019,MVM39
10/10/2019,MVM39
15/10/2019,MVM39
01/08/2019,MVM38
08/08/2019,MVM38
13/08/2019,MVM38
22/08/2019,MVM38
29/08/2019,MVM38
05/09/2019,MVM38
12/09/2019,MVM38
19/09/2019,MVM38
26/09/2019,MVM38
03/10/2019,MVM38
10/10/2019,MVM38
01/08/2019,MVM37
08/08/2019,MVM37
13/08/2019,MVM37
20/08/2019,MVM37
29/08/2019,MVM37
05/09/2019,MVM37
12/09/2019,MVM37
19/09/2019,MVM37
24/09/2019,MVM37
03/10/2019,MVM37
08/10/2019,MVM37
01/08/2019,MVM26
20/08/2019,MVM26
24/09/2019,MVM26
01/08/2019,MVM21
08/08/2019,MVM21
13/08/2019,MVM21
22/08/2019,MVM21
29/08/2019,MVM21
05/09/2019,MVM21
12/09/2019,MVM21
19/09/2019,MVM21
26/09/2019,MVM21
03/10/2019,MVM21
10/10/2019,MVM21
08/08/2019,MVM18
10/09/2019,MVM18
19/09/2019,MVM18
24/09/2019,MVM18
03/10/2019,MVM18
08/10/2019,MVM18
15/10/2019,MVM18
01/08/2019,MVM14
08/08/2019,MVM14
13/08/2019,MVM14
22/08/2019,MVM14
29/08/2019,MVM14
05/09/2019,MVM14
12/09/2019,MVM14
26/09/2019,MVM14
10/10/2019,MVM14
01/08/2019,MVM13
13/08/2019,MVM13
22/08/2019,MVM13
26/09/2019,MVM13
10/10/2019,MVM13
01/08/2019,MVM11
22/08/2019,MVM11
29/08/2019,MVM11
12/09/2019,MVM11
19/09/2019,MVM11
03/10/2019,MVM11
01/08/2019,MVM09
08/08/2019,MVM09
20/08/2019,MVM09
19/09/2019,MVM09
26/09/2019,MVM09
03/10/2019,MVM09
29/08/2019,MVM07
05/09/2019,MVM07
12/09/2019,MVM07
19/09/2019,MVM07
06/08/2019,MVM06
13/08/2019,MVM06
20/08/2019,MVM06
27/08/2019,MVM06
03/09/2019,MVM06
10/09/2019,MVM06
17/09/2019,MVM06
24/09/2019,MVM06
01/10/2019,MVM06
08/10/2019,MVM06
15/10/2019,MVM06
01/08/2019,MVM03
08/08/2019,MVM03
20/08/2019,MVM03
27/08/2019,MVM03
05/09/2019,MVM03
10/09/2019,MVM03
19/09/2019,MVM03
26/09/2019,MVM03
03/10/2019,MVM03
10/10/2019,MVM03
22/08/2019,MVM97
29/08/2019,MVM97
10/09/2019,MVM97
19/09/2019,MVM97
26/09/2019,MVM97
03/10/2019,MVM97
08/10/2019,MVM97
15/10/2019,MVM97
05/09/2019,MVM94
19/09/2019,MVM94
26/09/2019,MVM94
03/10/2019,MVM94
01/08/2019,MVM93
08/08/2019,MVM93
22/08/2019,MVM93
05/09/2019,MVM93
12/09/2019,MVM93
26/09/2019,MVM93
03/10/2019,MVM93
10/10/2019,MVM93
01/08/2019,MVM91
08/08/2019,MVM91
13/08/2019,MVM91
22/08/2019,MVM91
29/08/2019,MVM91
05/09/2019,MVM91
12/09/2019,MVM91
19/09/2019,MVM91
26/09/2019,MVM91
03/10/2019,MVM91
10/10/2019,MVM91
06/08/2019,MVM78
13/08/2019,MVM78
20/08/2019,MVM78
03/09/2019,MVM78
10/09/2019,MVM78
24/09/2019,MVM78
01/10/2019,MVM78
15/10/2019,MVM78
08/08/2019,MVM75
13/08/2019,MVM75
29/08/2019,MVM75
05/09/2019,MVM75
12/09/2019,MVM75
19/09/2019,MVM75
10/10/2019,MVM75
08/08/2019,MVM72
13/08/2019,MVM72
22/08/2019,MVM72
29/08/2019,MVM72
05/09/2019,MVM72
19/09/2019,MVM72
26/09/2019,MVM72
03/10/2019,MVM72
10/10/2019,MVM72
15/10/2019,MVM72
01/08/2019,MVM71
22/08/2019,MVM71
19/09/2019,MVM71
26/09/2019,MVM71
10/10/2019,MVM71
01/08/2019,MVM66
08/08/2019,MVM66
13/08/2019,MVM66
12/09/2019,MVM66
19/09/2019,MVM66
26/09/2019,MVM66
05/09/2019,MVM59
12/09/2019,MVM59
19/09/2019,MVM59
26/09/2019,MVM59
03/10/2019,MVM59
06/08/2019,MVM42
13/08/2019,MVM42
20/08/2019,MVM42
27/08/2019,MVM42
03/09/2019,MVM42
10/09/2019,MVM42
17/09/2019,MVM42
26/09/2019,MVM42
01/10/2019,MVM42
08/10/2019,MVM42
15/10/2019,MVM42
06/08/2019,MVM19
13/08/2019,MVM19
20/08/2019,MVM19
27/08/2019,MVM19
03/09/2019,MVM19
17/09/2019,MVM19
01/10/2019,MVM19
08/10/2019,MVM19
15/10/2019,MVM19
22/08/2019,MVM18
10/09/2019,MVM18
24/09/2019,MVM18
03/10/2019,MVM18
10/10/2019,MVM18
06/08/2019,MVM10
13/08/2019,MVM10
20/08/2019,MVM10
27/08/2019,MVM10
03/09/2019,MVM10
10/09/2019,MVM10
17/09/2019,MVM10
24/09/2019,MVM10
01/10/2019,MVM10
08/10/2019,MVM10
06/08/2019,MVM09
13/08/2019,MVM09
20/08/2019,MVM09
03/09/2019,MVM09
24/09/2019,MVM09
15/10/2019,MVM09
06/08/2019,MVM02
13/08/2019,MVM02
20/08/2019,MVM02
27/08/2019,MVM02
03/09/2019,MVM02
10/09/2019,MVM02
17/09/2019,MVM02
24/09/2019,MVM02
01/10/2019,MVM02
08/10/2019,MVM02
15/10/2019,MVM02
13/08/2019,MVM99
10/09/2019,MVM99
13/08/2019,MVM98
20/08/2019,MVM98
10/09/2019,MVM98
17/09/2019,MVM98
24/09/2019,MVM98
10/10/2019,MVM98
08/08/2019,MVM95
20/08/2019,MVM95
03/09/2019,MVM95
10/09/2019,MVM95
17/09/2019,MVM95
24/09/2019,MVM95
01/10/2019,MVM95
15/10/2019,MVM95
01/08/2019,MVM07
20/08/2019,MVM07
24/09/2019,MVM07
01/08/2019,MVM05
13/08/2019,MVM04
19/09/2019,MVM04
03/10/2019,MVM04
19/09/2019,MVM93
06/08/2019,MVM90
13/08/2019,MVM90
20/08/2019,MVM90
05/09/2019,MVM90
10/09/2019,MVM90
17/09/2019,MVM90
26/09/2019,MVM90
01/10/2019,MVM90
10/10/2019,MVM90
15/10/2019,MVM90
13/08/2019,MVM87
20/08/2019,MVM87
10/09/2019,MVM87
17/09/2019,MVM87
24/09/2019,MVM87
10/10/2019,MVM87
03/09/2019,MVM83
10/09/2019,MVM83
17/09/2019,MVM83
15/10/2019,MVM83
06/08/2019,MVM76
20/08/2019,MVM76
27/08/2019,MVM76
03/09/2019,MVM76
10/09/2019,MVM76
17/09/2019,MVM76
24/09/2019,MVM76
01/10/2019,MVM76
10/10/2019,MVM76
06/08/2019,MVM63
20/08/2019,MVM63
27/08/2019,MVM63
10/09/2019,MVM63
17/09/2019,MVM63
01/10/2019,MVM63
08/10/2019,MVM63
13/08/2019,MVM58
20/08/2019,MVM58
10/09/2019,MVM58
20/08/2019,MVM56
27/08/2019,MVM56
03/09/2019,MVM56
17/09/2019,MVM56
24/09/2019,MVM56
01/10/2019,MVM56
08/10/2019,MVM56
15/10/2019,MVM56
06/08/2019,MVM52
13/08/2019,MVM52
20/08/2019,MVM52
27/08/2019,MVM52
03/09/2019,MVM52
24/09/2019,MVM52
01/10/2019,MVM52
08/10/2019,MVM52
01/08/2019,MVM51
08/08/2019,MVM51
22/08/2019,MVM51
29/08/2019,MVM51
05/09/2019,MVM51
19/09/2019,MVM51
03/10/2019,MVM51
10/10/2019,MVM51
06/08/2019,MVM50
13/08/2019,MVM50
20/08/2019,MVM50
27/08/2019,MVM50
03/09/2019,MVM50
10/09/2019,MVM50
17/09/2019,MVM50
08/10/2019,MVM50
15/10/2019,MVM50
13/08/2019,MVM46
20/08/2019,MVM46
13/08/2019,MVM35
20/08/2019,MVM35
29/08/2019,MVM35
10/09/2019,MVM35
17/09/2019,MVM35
24/09/2019,MVM35
01/10/2019,MVM35
08/10/2019,MVM35
06/08/2019,MVM33
13/08/2019,MVM33
20/08/2019,MVM33
27/08/2019,MVM33
03/09/2019,MVM33
10/09/2019,MVM33
19/09/2019,MVM33
24/09/2019,MVM33
01/10/2019,MVM33
08/10/2019,MVM33
01/08/2019,MVM19
06/08/2019,MVM19
20/08/2019,MVM19
27/08/2019,MVM19
03/09/2019,MVM19
17/09/2019,MVM19
24/09/2019,MVM19
01/10/2019,MVM19
08/10/2019,MVM19
06/08/2019,MVM18
13/08/2019,MVM18
20/08/2019,MVM18
27/08/2019,MVM18
03/09/2019,MVM18
10/09/2019,MVM18
17/09/2019,MVM18
24/09/2019,MVM18
01/10/2019,MVM18
08/10/2019,MVM18
27/08/2019,MVM17
03/09/2019,MVM17
10/09/2019,MVM17
24/09/2019,MVM17
01/10/2019,MVM17
08/10/2019,MVM17
15/10/2019,MVM17
06/08/2019,MVM11
13/08/2019,MVM11
27/08/2019,MVM11
03/09/2019,MVM11
17/09/2019,MVM11
24/09/2019,MVM11
01/10/2019,MVM11
01/08/2019,MVM07
08/08/2019,MVM07
13/08/2019,MVM07
29/08/2019,MVM07
05/09/2019,MVM07
12/09/2019,MVM07
19/09/2019,MVM07
26/09/2019,MVM07
03/10/2019,MVM07
10/10/2019,MVM07
06/08/2019,MVM96
13/08/2019,MVM96
20/08/2019,MVM96
03/09/2019,MVM96
10/09/2019,MVM96
17/09/2019,MVM96
01/10/2019,MVM96
15/10/2019,MVM96
13/08/2019,MVM92
06/08/2019,MVM90
13/08/2019,MVM90
20/08/2019,MVM90
27/08/2019,MVM90
03/09/2019,MVM90
10/09/2019,MVM90
17/09/2019,MVM90
24/09/2019,MVM90
01/10/2019,MVM90
08/10/2019,MVM90
15/10/2019,MVM90
15/10/2019,MVM87
06/08/2019,MVM84
13/08/2019,MVM84
20/08/2019,MVM84
27/08/2019,MVM84
03/09/2019,MVM84
10/09/2019,MVM84
17/09/2019,MVM84
24/09/2019,MVM84
01/10/2019,MVM84
15/10/2019,MVM84
06/08/2019,MVM83
13/08/2019,MVM83
20/08/2019,MVM83
27/08/2019,MVM83
03/09/2019,MVM83
10/09/2019,MVM83
17/09/2019,MVM83
24/09/2019,MVM83
01/10/2019,MVM83
08/10/2019,MVM83
15/10/2019,MVM83
08/08/2019,MVM76
22/08/2019,MVM76
29/08/2019,MVM76
06/08/2019,MVM73
20/08/2019,MVM73
03/09/2019,MVM73
17/09/2019,MVM73
24/09/2019,MVM73
19/09/2019,MVM71
26/09/2019,MVM71
03/10/2019,MVM71
10/10/2019,MVM71
20/08/2019,MVM70
27/08/2019,MVM70
03/09/2019,MVM70
10/09/2019,MVM70
17/09/2019,MVM70
24/09/2019,MVM70
01/10/2019,MVM70
08/10/2019,MVM70
15/10/2019,MVM70
01/08/2019,MVM69
08/08/2019,MVM69
13/08/2019,MVM69
22/08/2019,MVM69
29/08/2019,MVM69
05/09/2019,MVM69
19/09/2019,MVM69
26/09/2019,MVM69
10/10/2019,MVM69
06/08/2019,MVM62
13/08/2019,MVM62
20/08/2019,MVM62
03/09/2019,MVM62
10/09/2019,MVM62
17/09/2019,MVM62
24/09/2019,MVM62
01/10/2019,MVM62
08/10/2019,MVM62
15/10/2019,MVM62
06/08/2019,MVM60
13/08/2019,MVM60
20/08/2019,MVM60
29/08/2019,MVM60
05/09/2019,MVM60
12/09/2019,MVM60
19/09/2019,MVM60
26/09/2019,MVM60
03/10/2019,MVM60
10/10/2019,MVM60
08/08/2019,MVM59
29/08/2019,MVM59
03/09/2019,MVM59
01/10/2019,MVM59
15/10/2019,MVM59
24/09/2019,MVM57
15/10/2019,MVM57
13/08/2019,MVM55
27/08/2019,MVM55
10/09/2019,MVM55
17/09/2019,MVM55
24/09/2019,MVM55
01/10/2019,MVM55
08/10/2019,MVM55
06/08/2019,MVM53
13/08/2019,MVM53
20/08/2019,MVM53
27/08/2019,MVM53
01/10/2019,MVM53
15/10/2019,MVM53
13/08/2019,MVM50
20/08/2019,MVM50
27/08/2019,MVM50
05/09/2019,MVM50
10/09/2019,MVM50
19/09/2019,MVM50
03/10/2019,MVM50
08/10/2019,MVM50
15/10/2019,MVM50
06/08/2019,MVM37
27/08/2019,MVM37
03/09/2019,MVM37
10/09/2019,MVM37
17/09/2019,MVM37
24/09/2019,MVM37
01/10/2019,MVM37
08/10/2019,MVM37
15/10/2019,MVM37
20/08/2019,MVM35
27/08/2019,MVM35
03/09/2019,MVM35
19/09/2019,MVM35
26/09/2019,MVM35
10/10/2019,MVM35
06/08/2019,MVM33
13/08/2019,MVM33
20/08/2019,MVM33
03/09/2019,MVM33
10/09/2019,MVM33
24/09/2019,MVM33
08/10/2019,MVM33
15/10/2019,MVM33
06/08/2019,MVM18
20/08/2019,MVM18
27/08/2019,MVM18
03/09/2019,MVM18
10/09/2019,MVM18
17/09/2019,MVM18
24/09/2019,MVM18
01/10/2019,MVM18
27/08/2019,MVM13
05/09/2019,MVM13
12/09/2019,MVM13
17/09/2019,MVM13
24/09/2019,MVM13
06/08/2019,MVM92
13/08/2019,MVM92
20/08/2019,MVM92
27/08/2019,MVM92
03/09/2019,MVM92
10/09/2019,MVM92
17/09/2019,MVM92
24/09/2019,MVM92
01/10/2019,MVM92
08/10/2019,MVM92
15/10/2019,MVM92
20/08/2019,MVM82
03/09/2019,MVM82
26/09/2019,MVM82
03/10/2019,MVM82
10/10/2019,MVM73
15/10/2019,MVM73
08/08/2019,MVM65
13/08/2019,MVM65
22/08/2019,MVM65
29/08/2019,MVM65
05/09/2019,MVM65
12/09/2019,MVM65
26/09/2019,MVM65
03/10/2019,MVM65
08/10/2019,MVM65
06/08/2019,MVM62
13/08/2019,MVM62
29/08/2019,MVM62
12/09/2019,MVM62
17/09/2019,MVM62
26/09/2019,MVM62
01/10/2019,MVM62
08/10/2019,MVM62
06/08/2019,MVM61
13/08/2019,MVM61
20/08/2019,MVM61
03/09/2019,MVM61
10/09/2019,MVM61
03/10/2019,MVM61
08/10/2019,MVM61
15/10/2019,MVM61
08/08/2019,MVM57
29/08/2019,MVM57
03/09/2019,MVM57
10/09/2019,MVM57
15/10/2019,MVM57
08/08/2019,MVM42
22/08/2019,MVM42
29/08/2019,MVM42
05/09/2019,MVM42
12/09/2019,MVM42
19/09/2019,MVM42
26/09/2019,MVM42
01/10/2019,MVM42
08/10/2019,MVM42
08/08/2019,MVM34
13/08/2019,MVM34
01/08/2019,MVM31
06/08/2019,MVM31
22/08/2019,MVM31
27/08/2019,MVM31
03/09/2019,MVM31
10/09/2019,MVM31
17/09/2019,MVM31
24/09/2019,MVM31
01/10/2019,MVM31
08/10/2019,MVM31
15/10/2019,MVM31
06/08/2019,MVM16
20/08/2019,MVM16
27/08/2019,MVM16
03/09/2019,MVM16
17/09/2019,MVM16
24/09/2019,MVM16
01/10/2019,MVM16
08/10/2019,MVM16
06/08/2019,MVM10
13/08/2019,MVM10
20/08/2019,MVM10
27/08/2019,MVM10
03/09/2019,MVM10
10/09/2019,MVM10
17/09/2019,MVM10
24/09/2019,MVM10
01/10/2019,MVM10
08/10/2019,MVM10
15/10/2019,MVM10
08/08/2019,MVM02
29/08/2019,MVM02
06/08/2019,MVM01
27/08/2019,MVM01
03/09/2019,MVM01
24/09/2019,MVM01
01/10/2019,MVM01
08/10/2019,MVM01
15/10/2019,MVM01
06/08/2019,MVM98
13/08/2019,MVM98
20/08/2019,MVM98
27/08/2019,MVM98
03/09/2019,MVM98
10/09/2019,MVM98
17/09/2019,MVM98
24/09/2019,MVM98
01/10/2019,MVM98
08/10/2019,MVM98
27/08/2019,MVM88
03/09/2019,MVM88
10/09/2019,MVM88
01/08/2019,MVM79
08/08/2019,MVM79
13/08/2019,MVM79
22/08/2019,MVM79
27/08/2019,MVM79
05/09/2019,MVM79
10/09/2019,MVM79
19/09/2019,MVM79
26/09/2019,MVM79
03/10/2019,MVM79
10/10/2019,MVM79
06/08/2019,MVM77
13/08/2019,MVM77
20/08/2019,MVM77
27/08/2019,MVM77
03/09/2019,MVM77
17/09/2019,MVM77
01/10/2019,MVM77
08/10/2019,MVM77
15/10/2019,MVM77
01/08/2019,MVM72
06/08/2019,MVM72
20/08/2019,MVM72
29/08/2019,MVM72
03/09/2019,MVM72
10/09/2019,MVM72
17/09/2019,MVM72
24/09/2019,MVM72
03/10/2019,MVM72
08/10/2019,MVM72
15/10/2019,MVM72
08/08/2019,MVM58
03/10/2019,MVM58
10/10/2019,MVM58
03/09/2019,MVM49
06/08/2019,MVM45
08/08/2019,MVM44
22/08/2019,MVM44
29/08/2019,MVM44
05/09/2019,MVM44
12/09/2019,MVM44
19/09/2019,MVM44
26/09/2019,MVM44
03/10/2019,MVM44
10/10/2019,MVM44
06/08/2019,MVM40
13/08/2019,MVM40
22/08/2019,MVM40
06/08/2019,MVM36
13/08/2019,MVM36
20/08/2019,MVM36
27/08/2019,MVM36
03/09/2019,MVM36
10/09/2019,MVM36
17/09/2019,MVM36
24/09/2019,MVM36
01/10/2019,MVM36
08/10/2019,MVM36
15/10/2019,MVM36
03/10/2019,MVM34
06/08/2019,MVM32
20/08/2019,MVM32
27/08/2019,MVM32
03/09/2019,MVM32
17/09/2019,MVM32
24/09/2019,MVM32
08/10/2019,MVM32
13/08/2019,MVM26
20/08/2019,MVM26
15/10/2019,MVM26
20/08/2019,MVM22
27/08/2019,MVM22
15/10/2019,MVM22
08/08/2019,MVM17
22/08/2019,MVM17
27/08/2019,MVM17
05/09/2019,MVM17
12/09/2019,MVM17
19/09/2019,MVM17
26/09/2019,MVM17
08/10/2019,MVM17
06/08/2019,MVM10
13/08/2019,MVM10
20/08/2019,MVM10
27/08/2019,MVM10
03/09/2019,MVM10
10/09/2019,MVM10
17/09/2019,MVM10
24/09/2019,MVM10
15/10/2019,MVM10
06/08/2019,MVM59
20/08/2019,MVM59
27/08/2019,MVM59
03/09/2019,MVM59
10/09/2019,MVM59
17/09/2019,MVM59
26/09/2019,MVM59
03/10/2019,MVM59
10/10/2019,MVM59
06/08/2019,MVM46
13/08/2019,MVM46
20/08/2019,MVM46
08/10/2019,MVM46
06/08/2019,MVM28
13/08/2019,MVM28
20/08/2019,MVM28
27/08/2019,MVM28
03/09/2019,MVM28
10/09/2019,MVM28
17/09/2019,MVM28
24/09/2019,MVM28
01/10/2019,MVM28
08/10/2019,MVM28
15/10/2019,MVM28
06/08/2019,MVM66
20/08/2019,MVM66
27/08/2019,MVM66
01/08/2019,MVM90
06/08/2019,MVM90
13/08/2019,MVM90
20/08/2019,MVM90
27/08/2019,MVM90
03/09/2019,MVM90
10/09/2019,MVM90
24/09/2019,MVM90
01/10/2019,MVM90
08/10/2019,MVM90
15/10/2019,MVM90
01/08/2019,MVM61
13/08/2019,MVM61
22/08/2019,MVM61
29/08/2019,MVM61
05/09/2019,MVM61
12/09/2019,MVM61
19/09/2019,MVM61
03/10/2019,MVM61
10/10/2019,MVM61
01/08/2019,E3321
08/08/2019,MVM27
13/08/2019,MVM27
22/08/2019,MVM27
29/08/2019,MVM27
05/09/2019,MVM27
12/09/2019,MVM27
19/09/2019,MVM27
26/09/2019,MVM27
03/10/2019,MVM27
10/10/2019,MVM27
01/08/2019,MVM01
08/08/2019,MVM01
22/08/2019,MVM01
29/08/2019,MVM01
12/09/2019,MVM01
10/10/2019,MVM01
01/08/2019,MVM69
08/08/2019,MVM69
13/08/2019,MVM69
22/08/2019,MVM69
29/08/2019,MVM69
03/09/2019,MVM69
10/09/2019,MVM69
17/09/2019,MVM69
24/09/2019,MVM69
01/10/2019,MVM69
08/10/2019,MVM69
08/08/2019,MVM84
20/08/2019,MVM84
03/09/2019,MVM84
17/09/2019,MVM84
26/09/2019,MVM84
01/10/2019,MVM84
01/08/2019,MVM18
05/09/2019,MVM18
01/08/2019,MVM22
10/09/2019,MVM22
15/10/2019,MVM22
08/08/2019,E4448
01/08/2019,E3907
01/08/2019,MVM67
01/08/2019,MVM68
13/08/2019,MVM68
20/08/2019,MVM68
03/09/2019,MVM68
10/09/2019,MVM68
17/09/2019,MVM68
24/09/2019,MVM68
01/10/2019,MVM68
08/10/2019,MVM68
27/08/2019,E4310
06/08/2019,E4533
06/08/2019,MVM71
22/08/2019,MVM71
03/09/2019,MVM71
06/08/2019,E3599
06/08/2019,MVM70
13/08/2019,MVM70
20/08/2019,MVM70
27/08/2019,MVM70
05/09/2019,MVM70
10/09/2019,MVM70
26/09/2019,MVM70
01/10/2019,MVM70
08/10/2019,MVM70
15/10/2019,MVM70
06/08/2019,E3040
08/08/2019,MVM72
20/08/2019,MVM72
29/08/2019,MVM72
12/09/2019,MVM72
24/09/2019,MVM72
01/10/2019,MVM72
15/10/2019,MVM72
08/08/2019,E4261
08/08/2019,E4538
08/08/2019,MVM74
13/08/2019,MVM74
22/08/2019,MVM74
29/08/2019,MVM74
03/09/2019,MVM74
24/09/2019,MVM74
01/10/2019,MVM74
08/10/2019,MVM74
13/08/2019,E3539
13/08/2019,E4539
13/08/2019,MVM76
20/08/2019,MVM76
29/08/2019,MVM76
12/09/2019,MVM76
19/09/2019,MVM76
26/09/2019,MVM76
01/10/2019,MVM76
10/10/2019,MVM76
13/08/2019,MVM75
22/08/2019,MVM75
20/08/2019,MVM78
17/09/2019,MVM78
26/09/2019,MVM78
01/10/2019,MVM78
10/10/2019,MVM78
22/08/2019,E4540
20/08/2019,MVM79
27/08/2019,MVM79
03/09/2019,MVM79
10/09/2019,MVM79
17/09/2019,MVM79
24/09/2019,MVM79
15/10/2019,MVM79
20/08/2019,E3519
22/08/2019,E4173
22/08/2019,E4546
22/08/2019,E4548
22/08/2019,MVM81
29/08/2019,MVM81
03/10/2019,MVM81
10/10/2019,MVM81
22/08/2019,E4545
22/08/2019,MVM80
29/08/2019,MVM80
05/09/2019,MVM80
12/09/2019,MVM80
03/10/2019,MVM80
22/08/2019,E4186
05/09/2019,E4186
27/08/2019,MVM82
03/09/2019,MVM82
27/08/2019,E4028
27/08/2019,E3645
27/08/2019,E4550
03/10/2019,E4550
27/08/2019,MVM83
10/09/2019,MVM83
17/09/2019,MVM83
24/09/2019,MVM83
29/08/2019,E3386
27/08/2019,E2715
29/08/2019,MVM86
29/08/2019,MVM84
29/08/2019,MVM85
05/09/2019,MVM85
12/09/2019,MVM85
19/09/2019,MVM85
26/09/2019,MVM85
03/10/2019,MVM85
03/09/2019,MVM87
03/09/2019,MVM89
12/09/2019,MVM89
19/09/2019,MVM89
03/09/2019,MVM88
10/09/2019,MVM88
17/09/2019,MVM88
24/09/2019,MVM88
01/10/2019,MVM88
08/10/2019,MVM88
15/10/2019,MVM88
05/09/2019,E4560
10/09/2019,MVM91
17/09/2019,MVM91
10/09/2019,E4561
10/09/2019,MVM90
17/09/2019,MVM90
24/09/2019,MVM90
01/10/2019,MVM90
12/09/2019,E3913
12/09/2019,E3302
19/09/2019,E4562
24/09/2019,MVM93
01/10/2019,MVM93
08/10/2019,MVM93
15/10/2019,MVM93
17/09/2019,E4484
17/09/2019,MVM92
17/09/2019,E4565
17/09/2019,MVM94
26/09/2019,MVM94
03/10/2019,MVM94
10/10/2019,MVM94
17/09/2019,MVM95
26/09/2019,MVM96
10/10/2019,MVM96
19/09/2019,E4567
19/09/2019,MVM99
26/09/2019,MVM99
10/10/2019,MVM99
19/09/2019,E4568
19/09/2019,E4521
19/09/2019,MVM03
26/09/2019,MVM03
03/10/2019,MVM03
26/09/2019,MVM97
19/09/2019,MVM98
26/09/2019,MVM98
03/10/2019,MVM98
10/10/2019,MVM98
19/09/2019,MVM00
24/09/2019,MVM00
01/10/2019,MVM00
15/10/2019,MVM00
19/09/2019,MVM01
26/09/2019,MVM01
03/10/2019,MVM01
19/09/2019,MVM02
03/10/2019,MVM02
19/09/2019,MVM04
24/09/2019,MVM04
08/10/2019,MVM04
24/09/2019,E4569
26/09/2019,MVM06
01/10/2019,MVM06
10/10/2019,MVM06
15/10/2019,MVM06
26/09/2019,MVM05
01/10/2019,MVM05
15/10/2019,MVM05
26/09/2019,E4089
26/09/2019,E3497
26/09/2019,E3882
26/09/2019,E4573
01/10/2019,E4575
01/10/2019,MVM08
08/10/2019,MVM08
15/10/2019,MVM08
01/10/2019,MVM07
08/10/2019,MVM07
15/10/2019,MVM07
03/10/2019,E4578
01/10/2019,E4577
01/10/2019,E3988
03/10/2019,E2829
03/10/2019,MVM09
03/10/2019,E4579
08/10/2019,MVM10
15/10/2019,MVM10
08/10/2019,E4048
08/10/2019,E4396
10/10/2019,E4583
10/10/2019,E4279
10/10/2019,MVM11
10/10/2019,E4584
10/10/2019,MVM12
15/10/2019,E4588
15/10/2019,E4589

